full_text,label
@zy_zy_lestary @mas_veel Ya kalah lah. Bansos ugal ugalan. Ehhhh efeknya PPN naik Tapera asuransi... mbelgedes,0
@apipgavi_ @pawrellll Tapera ditanggung lu kan pip,0
@dhemit_is_back gila kita bayar pajak cuman buat biayain gaya hidup wakil rakyat doang mana ketambah tapera lagi,0
@Gank_Of_Petojo pak Harto dulu Tabanas = tabungan pembangunan nasional kalo sekarang Tapera = tabungan penderitaan rakyat,0
@TirtoID Semakin lama kebijakan pemerintah kok ya ngak bijak toh toh TAPERA baksos korban judol trus apa lagi ini yg skolah beneran pinter beneran sulit dapet kursi dipemerintahan,0
@truzlover @cathatseo @goraici Belum lagi modus tapera dan asuransi kendaraan,0
@hyudilautbiru @kzailanibe @worksfess Teruslah berpikir seperti ini.. sampai saudara anak istri mu yg kena getahnya.. pdhl terlihat jelas bensin naik bahan pokok naik pajak naik beras (kata pemerintah d suruh hemat biar gk impor bnyk) Tapera,0
@tempodotco Aku punya pendapat berbeda dia banyak pikiran bagaimana caranya bisa menyusahkan rakyat dg kebijakan lain setelah TAPERA ditolak. https://t.co/xUzMNxUdyJ,0
@edwardyurianto @diantaratitik @inboundandhot Tetep lebih baik biayanya dialihkan untuk yg lain orang itu aja sampe mau bikin tapera dll kan,0
@worksfess banyak kena lay off tapi loker dipersulit yang kerjapun ditarik uangnya buat tapera. idup seret banget mau jadi anak tadika mesra makan lidi lidian sama es potong ajalah.,0
kalo mikirin negara pusing cok sangat menjijikan. tambang tapera dinasti dan lainnya masalah muncul lagi kaya hakim dr kasus dini sera ketiga hakim itu adalah contoh iblis yang sebenarnya.,0
@haechandel kalo ada juga males kak ntar dipotong tapera,0
@__AnakKolong Propinsi lain dibiarkan jadi sarang kejahatan tp IKN dilarang berbuat kejahatan padahal yg bangun ikn itu dr apbn bilangnya dr investor itulah awal kejahatan apbn menipis pk widodo dgn seenaknya memeras rakyat asuransi kendaraan &amp; tapera 4 % serta pph 21% ppn naik 12% ukt mahal,0
@CNNIndonesia TAPI APBN AJUUR .. BAYAR UTANG BINGUNG BUAT ATURAN RSKYAT YANG DICEKIK DGN TAPERA&amp;ASSURANSI KENDARA'AN BERMOTOR,0
@_zhyme @denni_sauya Setelah Tapera asuransi kendaraan sekarang rakyat makanpun mau diatur.,0
@carlitovito180 @DokterTifa Loh jangan d biarin bro ini aja dia udh teken peraturan2 yang gak jelas macem tapera ppn naik asuransi kendaraan wajib besok2 semua barang d cukai in.. Cm buat kepentingan dia dan keluarga pengganti nya. Dr skrang hrs kritis kalo bisa peraturan yang menyusahkan d hapus.,0
@jokowi Hallo Tapera . . . Hallo asuransi . . . . seluruh kendaraan motor/mobil Hallo woosh . . . Meroket ruginya Hallo dana haji . . . Meroket nambahnya 56jt gile,0
Presidennya bernama @jokowi Programnya mengecilkan gaji warga utk UKT MAHAL TAPERA Ppn 11% beras mahal pajak naik dll Tapi ia masih berpikir rakyat boros ? Ini ulah orang yang IPK&lt;2 dan ijasahnya UGM nya masih jadi tanda tanya bagi publik. https://t.co/8XngifZMBw,0
@bubbymun 25jt karna ada anak yg kudu sekolah ada tapera yg kudu dibayar juga,0
TAIIII anak tapera NO EFFORT BGT SUUUUU,0
@myucils cil tapera babi banget cil gue nangis dipojokan anjgfffff,0
Jangan jual pulang gadai tanah juql bumn ngutang pajak rakyat di cekik tapera jalankan kendaraan diwajbkan asuransi Waras,0
akhirnya sampai juga di superindo karena matahari terbenamnya bagus juga akhirnya kita sempatkan jalan kaki di perumahan elit tapera wkwkwk ngga ding nambah seger lagi dapet keringet tipis trus lanjut beli keperluan harian di superindo,0
@CNNIndonesia tidur nyenyak? lha rakyat bagaimana yang selama ini gak bisa tidur gara-gara KRIS BPJS-TAPERA- dan yang terakhir Asuransi Ranmor???,0
Apa gunanya untuk rakyat? 1. Korupsi kian merajalela 2. Kekayaan alam dikuasai asing-swasta 3. Utang negara menumpuk 4. Harga kebutuhan naik rakyat menjerit 5. BBM elpiji listrik dll terus naik 6. Angka pengangguran memprihatinkan 7. Pajak Tapera dll https://t.co/17Dpp4MbZj,0
Ho'oh Rakyat terus yg ditekan suruh irit lah suruh bayar Tapera lah pajak di naikin lah bla bla bla pokok nya beban ada di rakyat semua lah pejabat BANGSAD...,0
@meysone Kalo dibikin AOE jadi: Maha Tapera Maha Taperalao Maha Taperadyne Wkwkwk,0
JK Dukung kebijakan Tapera #indonesia #tapera https://t.co/2rjHJU3AI3,1
Dukung Tapera Ombudsman : Anak kecil didaftarkan jadi peserta https://t.co/exIAfazPDR,1
@regar_op0sisi @jokowi TAPERA Asuransi Kendaraan Sekarang Pajak detergent https://t.co/s2yLMSZtmC,0
@ethadisaputra biar rakyat bisa bayar Tapera,0
Kehadiran kebijakan Tapera untungkan masyarakat menengah ke bawah https://t.co/D2IwpYcNMT,1
@kesendrian Rumah program Tapera di Midwest America,1
@geloraco Akal2an supaya bisa terbitin TAPERA,0
@hourslikem1nute @KemenperinRI Duarrr giliran sembako naik subsidi BBM diilangin UKT naik pajak naik tapi UMR kaga belom lagi Tapera Baru ngeluh-ngeluh,0
@papa_loren Hrusnya itu menyejahterakan rakyat dlu dgn membuka lapangan kerja spt yang dijanjikan baru ber-senang2 dgn ngangkut ARTIS YANG SDH KAYA KOK KEHIDUPAN REZIM SPT ARTIS HIDUP DGN BEGELIMANG KEMEWAHAN pdhl rakyat Dicekik dgn peraturan TAPERA&amp;KENDARA'AN BERMOTOR HRS DGN ASSURANSI,0
@StefanAntonio__ @AGoeci Ta ingetin ya' netizen bukan situ doang yah saya juga termasuk netizen kalau masalah Tapera itu keluarnya dari dpr bukan atas kemauan Jokowi dan pak Jokowi pun tidak pernah membahas apa itu tapera anda tau siapa itu DPR,0
yang pasti bukan aku. Makan tuh tapera jancok. Apbn potong sana potong sini demi kebijakan populis tai pepek,0
@kirawontmiss Kek pemerintah lagi minta Tapera,1
@zjsskfk nanti anakmu kalau disini dikasih makan siang 7.500 sama dr bayi bayar tapera loh jangan ya dek ya,0
@KangManto123 Nanam cabe sendiri makan keong irit makan tapera utk mahal salah tangkap pembunuh bebas. Yuk maen ke RT sebelah siapa tau lebih baik.,0
@CNNIndonesia Pak JKW gak nyenyak tdr itu bukan gara2 AC tapi mikirin rakyatnya knp rakyat saya gak setuju ama Tapera .,0
@Sh4d4mhu53n @unmagnetism @gibran_tweet 7 500 buat bayar tapera masih kurang,0
@RayOfSurya coba deeptalk kenapa harus tapera? kenapa biaya konser harus kena bea cukai?,0
@Chavesz08 brisik Nepotisme.... urusin tuh Tapera 7.500 UKT NAIK Bansos di cut cybersecurity. itu yg harusnya fokus lu sama aja lu ngatain orang goblok sendirinya 1+1 masih bilang 11.,0
@BBerizik TAPERA,
@DokterTifa Lah pendukung2nya yg suka koar2 di sosmed ga ada yg di ajak? Cuma di ajakin buat patungan tapera doank?,0
@Aryprasetyo85 @03__nakula @__AnakKolong @2045Tv @NgkongRoses @_memoryusang @seruanhl @serakyut @AntoniusCDN @Anak__Ogi Lapisan menengah di luar ASN mulai ditarik ke lapisan miskin karena semuanya serba naik bahkan take home pay lingkaran pemerintah baik eksekutif legislatif yudikatif dan lain2 naik. Ditambah lagi biaya non pokok yang sedang hendak dipaksakan seperti tapera dan asuransi TPL.,0
https://t.co/f53o0R5SxD mau nya gimana sih? tapera gagal lalu terbitlah ini? @DPR_RI,0
@jokowi pak BEM lagi demo kok gak ditemui hgilirian artis nikah dg suka rela dateng hehe katanya IKN mangkrak pak? tolong lah pak TAPERA di hapus gajiku cuma umr JOGJA masak masih dipotong Tapera,0
Selama ini Tapera dan Asuransi saja ada yang diduga dikorup ini gimana ? https://t.co/RRwnEJ9W7D,0
@R_min80 SELAIN KARENA CUAN KARENA APA ???? APA KABAR TAPERA,0
@Kimberley_PS08 gampangnya gini aja..ente dukung atau tolak UKT TAPERA ASURANSI KENDARAAN... jawaban ente akan menjelaskan siapa ente,0
@adri_7i @JhonSitorus_18 kalah telak mukidi maksudnya....pdip masih tetap jadi juara 1 di pemilu 2024....psi partanya jokowi...senggol senayan aja kagakbaik baik tuh dukung mukidi UKT TAPERA ASURANSI KENDARAAN...untung cuma sisa 3 bulan..coba kalau benar 3 periode,0
@IndoPopBase Jangan pasti nilep dari kalangan pekerja kelas menengah ke bawah lagi. IKN aja udah nilep ke Tapera lah PPN di naikin stress banget jadi kalangan kerja menengah kebawah. Padahal yg harusnya di bebanin itu kelas atas. Eh kelas atasnya malah di kasih kelonggaran sana-sini,0
@RIPDEMOKRASI @Jelli_cent Biaya entertaint model gini yg mbuat biaya mbengkak sampai mencoba mengakali rakyat dg Tapera dan kewajiban asuransi kendaraan yg gak jelas. Asuransi kendaraan adalah hak pemilik dan tidak bisa dipaksakan dan terserah pemilik kendaraan berdasarkan perhitungan mereka.,0
Per Juni 2024 BP Tapera Klaim Telah Salurkan Pembiayaan Rumah FLPP Sebanyak 107.070 Unit https://t.co/9dlqJQFgPQ,1
Potong lagi padahal pajak sudah dinaikkan tarif listrik BBM beras naik minyak goreng naik Tapera bahkan terbaru asuransi motor. Kemarin dana pendidikan diam-diam sudah dipotong untuk IKN itulah kalau pemerintah dipimpin si bodoh.,0
Tapera adalah langkah nyata pemerintah dalam mengatasi masalah perumahan dan meningkatkan kualitas hidup masyarakat. #TaperaUntukSemua https://t.co/z2yUxq86se,1
Dengan program Tapera pemerintah ingin membangun masa depan yang lebih stabil dan sejahtera bagi para pekerja. Ayo manfaatkan! #RumahLayak https://t.co/wHTUw4HpH8,1
Program Tapera hadir untuk memastikan setiap pekerja memiliki akses ke perumahan yang layak dan terjangkau. Rumah untuk semua! #Tapera https://t.co/EpnaJVINn8,1
@fredeleinne NGAKAK dijadiin TAPERA,0
@KemensetnegRI Berapa anggaran yang diboroskan jokowi untuk bayar artis ??? Sementara rakyat tercekik beban biaya hidup mahal atas semua kekacauan kenaikan harga dan pajak TAPERA DLL ??,0
Tapi tapi tapi PNS yg duluan dipotong gajinya buat Tapera,0
@RajaJuliAntoni @jokowi Kasian de lu prabowo udah bilang ikn dilanjutkan oleh presiden brikutnya kliatannya bakal mangkrak nih..buzer bayaran duit rakyat hepi² sesaat..tinggal nunggu adili jokowi di mahkamah rakyat..hsl meres duit rakyat asuransi wajib kendaraan tapera cukai hp cukai tiket nnt apalg?,0
@ragnairo @SERAVlE &amp;&amp;. Mau dong abang. Biar kita gak perlu dibebankan dengan Tapera dan bisa ada kereta cepat dari Sabang sampai Milwaukee.,0
@OposisiCerdas bukan dicuekin tapi di suruh wajib ikut asuransi ranmor... setelah gagal tapera. Mana Motor dah tua sakit-sakitan disuruh ikut asuransi lagi hadeehh ampun dah pemerintah...,0
Tapera sangat bermanfaat #tapera https://t.co/z1Su2W1I5L,1
Tapera sangat bermanfaat #tapera https://t.co/Y5ENjaOQuO,1
Tapera sangat bermanfaat #tapera https://t.co/I1rkECsvpz,1
Tapera sangat bermanfaat #tapera https://t.co/vmtdYD5Yj5,1
Tapera sangat bermanfaat #tapera https://t.co/SMMwRPWmRz,1
@danillajpr Mau pindah uangnya kurang kerja terus tapi dipotong tapera ahh eek kuda!,0
tapera sedah ada sejak lama #tapera #kpr #subsidi #rumah https://t.co/xlORb2yxGB,1
Jawabnya doang sih iya yg tanggung derita dan cerita nya kita-kita. Dari pajak Asuransi dan Tapera tentunya nanti.,0
@DokterTifa Jkw tdk kasihan rakyat Dibebani TAPERA &amp; assuransi kendara'an bermotor malsh mrnjsmu artis utk ber-senang2 di IKN,0
@abu_waras bakalan digenjooooot... lewat tapera asuransi kendaraan bermotor pajak https://t.co/haf87Wl5nH,0
@TheCurut007 Eeh Tapera batal ya untuk tahun ini,0
@DS_yantie Yg lolos pecat siap siap bayar tapera,0
Setuju buzzer2 nusantara kasih duluan TAPERA &amp; tempat tinggal di pinggiran IKN biar bisa akrab sama Warlok syukur - syukur dpt kiriman mandaw terbang.,0
@Adiprayitno_20 Setuju buzzer2 nusantara kasih duluan TAPERA &amp; tempat tinggal di pinggiran IKN biar bisa akrab sama Warlok syukur - syukur dpt kiriman mandaw terbang.,0
@KemenperinRI Kelas menengah diperas abis abisan.... Bpjs tapera asuransi pajak pungli palak TUKANG PARKIR PAK OGAH pengemis pengamen sumbangan sumbangan pinggir jalan rampok pencuri pencopet begal curanmor dan lain lain.... Siapa korban diatas...mayoritas...Middle classs,0
@haidirfajr85842 @AGoeci Banyak .. Beberapa kali Netizen bersuara Pemerintah membatalkan keputusan ngaconya Salah satunya Tapera .. lu mesti trima kasih sama Netizen yg ngebacot kaya gua Kalo ga lu dah bakalan dipotong 3% gaji lu,0
gajinya kena TER. Kenikmatan dapet dri perusahaan dikenain natura. Ada issue tapera. Mau happy dikit kena cukai. AHAHAHAH And u still think this is for kesejahteraan. Like wtf,0
@txtdrimedia Kalo kaya ngapain ada tapera? Subsidi?,0
@Yattie2023 @BBerizik Berakk skebonnn gara gara ikn pajak naik gaji di potong tapera wajib pakek asuransi kendraan subsidi di cabut daya beli masyarakan menurun...... ikn gak guna bikin sengsara,0
Dukung program Tapera yang sejahterakan masyarakat #Tapera #RumahTerjangkau https://t.co/MR6TpDb6Rv,1
Tapera berusaha menjangkau berbagai kelompok masyarakat dan membantu mereka mengatasi hambatan dalam memiliki rumah #Tapera #RumahTerjangkau https://t.co/2WkAtO35mY,1
Program Tapera tidak hanya membantu individu dan keluarga memiliki tempat tinggal yang layak tetapi juga mendukung pembangunan perumahan yang berkelanjutan dan merata #Tapera #RumahTerjangkau https://t.co/aV2lNCGiSX,1
Akan diawasai dengan ketat dan akuntable sehingga masyarakat tak perlu khawatir #Tapera #RumahTerjangkau https://t.co/73hfDhImVP,1
Tapera adalah program tabungan yang dirancang untuk membantu masyarakat mewujudkan rumah impian mereka #Tapera #RumahTerjangkau https://t.co/EoH55SPtTq,1
@OposisiCerdas pajak naik tapera wajib asuransi rakyat yg tanggung. Halan2 mereka yg nikmati.,0
@tempodotco Teruskan mengejar ambisi pribadi. Jangan hiraukan demokrasi yg anjlok. Jgn pedulikan nasib rakyat kecil. Teruslah naikkan hrg BBM dan hrg kebutuhan pokok. Teruslah naikkan pajak. Lanjutkan ide pungutan2 lainnya seperti tapera dan keharusan bayar asuransi semua kendaraan bermotor,0
@arinatri @plastikmicin @txtdrimedia Hidup tapera,1
@moon_catalog Anjir tapera itu beneran jalan kah?,0
@tempodotco Keringat Orang miskin kerja pagi siang malam di paksa dan di kejar² bayar pajak belom lagi potongan tapera BPJS dll Terus uangnya di pakai buat kek gini buat bayar Artis serta influencer yg nominalnya pasti mahal Negara dibikin kek mainan sama @jokowi. Fucking Shit,0
@tvOneNews Keringat Orang miskin kerja pagi siang malam disuruh di paksa dan di kejar² bayar pajak belom lagi potongan Tapera BPJS dll Terus uangnya di pakai buat kek gini buat bayar Artis serta influencer yg nominalnya pasti mahal Negara dibikin kek mainan sama @jokowi. Fucking Shit,0
@mistersadewa Bahasanya aja sombong padahal sebenarnya minta sumbangan (gotong royong) untuk memperingati acara maulid nabi bukan Rasulullah butuh duit. Jangan langsung emosi ya kawan... karena pemerintah aja minta sumbangan (TAPERA dan BPJS).,0
@geloraco Tapera gagal terbit lah asuransi ranmor Wkwkwkwk,0
@mas_veel Gw ga bangga sm IKN Whoosh pk duit APBN bikin kebijakan ngakalin pk duit rakyat: pajak naik Tapera motor mobil wajib asuransi dasar kalian brazzer dungu otaknya dimana?,0
Saat rakyat dibebani segala macam kenaikan harga pajak tapera dan kendaraannya juga harus diasuransi paksa Duit negara hanya dihamburkan untuk pencitraan kek gini ? ‍️ https://t.co/nmtd5SwJIa,0
@abiteudamang Ikut program Tapera aja dpt rumah minimalis tp nunggu 30 tahun,0
@Boediantar4 Rezim sekarang sdh spt menjajah negaranya sendiri anehnya lagi kok jual2 pulau sampe 200 pulau dijual IKN DIJUAL TFK TANGGUNG2 190 TH ASTAGHFIRULLAH... RAKYAT DIPALAK DGN TAPERA &amp; ASSURANSI KENDARA'AN BERMOTOR PERTALITE JG MAU DIHAPUS LENGKAPLAH SDH PENDERITA'AN RAKYAT KECIL,0
@tempodotco Yg jelas rezim jkw ini gak henti2nya memeras rakyat buat nombok utang negara..dana zakat batal tapera batal dana abadi pariwisata gagal lgi otw asuransi kend.brmotor pngurangan subsidi bbm pmbatasan gas 3kg..gilee gak tuh.. https://t.co/aJYYCjpCZP,0
@5teV3n_Pe9eL @nazaqistsha High risk high gain. Nooo wakanda sunat atas nama BPJS Tapera dan sekarang bayar pajak kendaraan pake pajak pihak ke 3. Bongkar semua kebusukannya kaga cuma di pemadam kebakaran doank semuanya lethal company,0
@jokowi Sesuai dengan isi gorong2. Tidak ada yg baik. Berbagai cara untuk menarik uang rakyat mulai dari tapera pajak asuransi bandar judol si T mega korupsi timah morat maritnya bumn karya dan berbagai mcm kerusakan lainnya Tunggu pengadilan rakyat.,0
Jaman Sekarang Masih Percaya GOIB ? Pabrik Mobil Yang Tidak Ada Unitnya: ESEMKA! Nyicil Rumah Yang Tidak Ada Rumahnya: TAPERA! https://t.co/OoDxql7Ck1,0
@OposisiCerdas Ber-senang2 diatas penderita'an rakyat bulan Agustus ELPIJI NAIK BAHKAN REZIM SDH TEKEN ATURAN PAJAK KENDARA'AN BERMOTOR HARUS + ASSURANSI&amp; ADA JUGA TAPERA WES RAKYATE DIPALAK TERUS JD NEGARA PREMAN ELOIJI 3KG BAKAL SULIT ATO DIGANTI BLT REZIM DZALIM TDK BISA LIAT RAKYAT SENANG,0
@geloraco Mendingan duitnya yg mau di buat untuk asuransi Jiwasraya TAPERA dan asuransi wajib mobil/motor dipake untuk sekolah gratis 9tahun dinaikkan menjadi 12 tahun. Yg ikut asuransi ini orang punya duit pengusaha ASN dan pejabat. Rakyat sudah banyak ketipu asuransi. Yg penting makan,0
@NenkMonica Tapera gagal muncul asuransi dasar rezim biadab,0
@rthurbraga @KemensetnegRI Info rate card per selebnya mau gw ajak demo tapera,0
@YourFvckinQueen aku juga mau ngeluh kak udah cape cake kerja malah dipotong tapera,0
@debbybear_ coba bapaknya gaji umr dipotong tapera bpjs iuran² lain dipotong pajak dipotong ngasi ortu,0
Mulai dari omnibus law dihilangkan nya Premium dilemahkannya KPK yang awalnya independen menjadi dibawah naungan presiden Tapera dsb. Semua ini untuk siapa? Untuk rakyat? Apakah mereka peduli terhadap opini rakyat? Saya rasa ini semua hanya lah pencurian atas nama kebijakan.,0
Dengan Tapera kita wujudkan hunian layak bagi seluruh masyarakat. Dukung sekarang! #TaperaIndonesia #HunianLayak #BersamaTapera https://t.co/54gm0qoif1,1
Dengan Tapera kita wujudkan hunian layak bagi seluruh masyarakat. Dukung sekarang! #TaperaIndonesia #HunianLayak #BersamaTapera https://t.co/mpq1gbMBly,1
@txtdrimedia klo konser oke lah klo detergen msg otak lu minus? kemarin asuransi kendaraan bermotor pajak naik terus tapera besok apalagi apa harus ada yg bantai pejabat bunuh semua pejabat biar rakyat makmur? kerja gak di kasih pajak doang yg di gedein. rentenir kalah jahat,0
@hasyimmah Iya harus lanjut: tidak perduli caranya; mau naikkan pajak penguasilan; naikkan pajak impor; berikan cukai tisu; pempers; makanan; wahibkan asuransi rumah; asuransi kendaraan; naikkan tapera; naikkan bpjs; naikkan bbm; apalagi? Naikkan dan pakai dana haji; gasssss,1
@linansera_ rumah tapera dibawah air woi new era kurangin nubir nubir PAHAM!,0
@NenkMonica Abis tapera kaga ada hasil. Paksa aja terus aja peres.,0
@nusapelagos @rayestu Ya mindset lu jangan transaksional lah itung² buat ikut ngebiayain timnas 300m-1 T duit pajak cuma buat bola doang gw juga ogah biar mereka mandiri cari duit sendiri. Salah satunya komersialisasi Timnas melalui hak siar Duit negara biar buat tapera makan gratis bergiji,0
@G4b0nG0ku Padahal mumpung harga masih murah dan HGU 100 tahun lebih bebas pajak knp gak dimanfaatkan???? Besok-besok harga mahal lho kalau saya mah gak mampu karena habis buat bayar Tapera + BPJS TK yg naik gila-gilaan,0
@NenkMonica Usul : pas bayar STNK sekalian bayar asuransi dan tapera Kalau bisa nominalnya agak besar gitu lah asuransi 3jt tapera 61 % dari gaji,0
@ABjodohComeback Betul gaji 3 jt minta tapera. Tunggu dulu gaji 10 jt baru keluari tapera.taperanya nnt di taruh di papua. Kn ngak jelas juga .,0
@wonjung_e_ ooo bisa ngomong jg tapera,0
Pekerja kelas menengah merasa semakin berat kehidupannya setelah ada rencana iuran Tapera hingga asuransi kendaraan bermotor. #bisnisupdate #update #bisnis #text https://t.co/KilGC3zNF5,0
@kholikmo12 @RajaJuliAntoni @gibran_tweet Ntar BPJS dinaikkin melas disuruh bayar Tapera mewek pajak naik nangis wkwkwk,0
@geloraco Presiden yg gemar ngumpulin duit rakyat mli dr haji bpjs hingga tapera dll. skrg asurani juga.,0
Ini gaya pencitraan Mukudi ingat TAPERA setelah ribut Mukidi seolah-olah datang jd penyelamat UKT sama eee sekarang Asuransi setelah ribut dia datang lagi. Mukidi-Mukidi kapan tobatmu ingat 3 bulan lagi kau akan disebut mantan Presiden. https://t.co/gidrBCV5Ea,0
Asuransi wajib bagi kendaraan bermotor di tahun 2025? semua celah digunakan untuk meraup dana masyarakat Tapera ditunda muncul wacana wajib asuransi siapakah yg senang? https://t.co/aOiHKCL78U,0
@mioracle @txtdrimedia Nih negara2 berbau komunis Sosialis bangun rumah gratis bagi rakyatnya. Bukan malah disuruh ikut TAPERA https://t.co/blxZPQAJm5,0
@Aryprasetyo85 Makin aneh-aneh saja sesudah Tapera,0
@MasMasBiassaa Nyicil kyok skema Tapera oleh mbah?,0
@G4b0nG0ku Wuiiihhh...penampakan Museum TERBESAR KONOHA NIH... Ngalahin Museum Hambalang.... hehehe... kasihan rakyat Konoha.. pajaknya dipake buat bangun Museum gk jelas... ditambah lg macam2 pungutan yg makin menyusahkan rakyat spt TAPERA dan Asuransi kendaraan bermotor..,0
@DoankWarto Konglomerat asing di bebasin pajak pekerja indo ditambahin tapera lah pajak ini lah itu lah kintil dasar,0
@tanyakanrl Kalo kaya ge perlu bayar TAPERA pak kan pasti udah punya rumah,0
@jansen_jsp Perizinan dipermudah beli bahan di permurah fasilitas ditambah sehingga biaya produksi rendah ditambah lagi jika ekspor pajaknya kecil. Berbeda kebalik dinegara konoha masyarakat mau maju dikenakan pajak aneh2.termasuk tapera dan asuransi kendaraan bahkan sampe sampo pun juga,0
@NenkMonica Ini lebih efektif meresnya krn hilang kalo g diklaim beda sama tapera Ada iming2 tabungan wkwkwkwk,0
tak kenal maka tapera.,0
Layout mintira hadiah best member layout ct tapera layout haikyu keluargs rrmas babi,0
@brotherhomies69 tapera mint,0
@rezakrt omoo mariki melu tapera ae mas cek ndue rumah,0
@Boediantar4 Itu nyusun papan segitu panjang pake anggaran siapa BUMN menteri pertanian atw Bank TAPERA?,0
Sudah d ini diduga sebelumnya Sistem Tapera diadopsi oleh Polisi.. @NTMCLantasPolri https://t.co/rr8nVXLYzN,1
Jokowi yang bangkrutkan negara mestinya Jokowi sendiri yang nombokin bukan Tapera Tabungan Pemerasan Rakyat. Gaji Pekerja Dipotong untuk Tapera akan Dirasakan Setelah Berjalan (Tempo) #RakyatWajibTurunkanJokowi #RakyatWajibTurunkanJokowi https://t.co/RfHlBD37Go,0
@G4b0nG0ku Kota patungan dari Rakyat indo dari tapera dll tak ada investor,0
@__freelance__ Gak bakal diliat &amp; didenger blio sedang mikir gimana caranya meres rakyat lewat asuransi kendaraan wajib &amp; tapera buat ikn &amp; anak2 mantu pake tas baju sepatu perhiasan pakaian gaun kaos bhkn sendal jepit harganya puluhan juta sampe milyaran hermes louis vutton guchi channel,0
@cnbcindonesia @JOINLampung Segala macam dipaksakan tapera kininasuransi motor mungkin bentor juga kena bajaj dsb ! Pajak dicekik bijimane harga brg tdk pada naek?bumn rugi mulu pejabat enak enak koruptor walau di hukum masih cuan gede !negeri KONOHA WAKANDA,0
@AmmarGill Sedangkan disini mau nonton aja bayar dulu kebagian iklan enak ya dia nonton langsung gratis lagi kalo kurang naikin aja tapera cukai asu ransi apalah itu ga jelas buat sektor formal,0
@hida55477 @ShenoWirang dukung mukidi total..... UKT TAPERA ASURANSI... https://t.co/NwD23XfoDz,0
@prastow @Aryprasetyo85 @bppkadgrobogan Yg jelas uang masuk pemerintah kan....gak usah ngeles sana sinilah. Rakyat makin diperas bak preman saja...Tapera wajib asuransi kendaraan. Uangnya habis ya...,0
@NenkMonica usul kalo bisa bayar pajak motor skalian bayar Tapera. klo mau malak rakyat jgn tanggung2. aseeeeem,0
ASN Jateng Dapat Jatah 500 Unit Rumah Program Tapera https://t.co/oUEMM9kELI https://t.co/Y6b7rWExna,1
@Aryprasetyo85 Tapera jilid 2,0
Sekarang kelas menengah yg menanggung kebutuhan kelas bawah. Contoh paling bagusnya BP Tapera. Pemerintahnya ngga berani memalak kelas atas jadi dari kelas menengah aja. Mungkin mikirnya toh kalo dipersulit paling cuma ngomel2 di X ngga bakal turun ke jalan kaya kelas bawah,0
@itsdean98_ tp nnti dipotong tapera 100%,0
IDEOLOGI JOKOWISME? . 1. Korupsi kian merajalela 2. Kekayaan alam dikuasai asing-swasta 3. Utang negara menumpuk 4. Harga kebutuhan naik rakyat menjerit 5. BBM elpiji listrik harganya terus naik 6. Impor Pajak Tapera HGU IKN hingga 190 tahun dll. https://t.co/hXN9VW3HDp,0
@SSP_Phyta Makanya apalagi yg tapera itu ngawur banget ternyata buat nutup hutang negara donk,0
@txtdrimedia Tapera udah ASUransi udah sekarang ini,0
Dukung kebijakan Tapera https://t.co/GJ80LNypVb,1
Pj Wako Payakumbuh Lakukan Audiensi dan sosialisasi Pembiayaan Tapera https://t.co/mJ5xX5ZGPf https://t.co/AfND7HkINi,1
@pakyubing @FuzaFirdaus Walau ada otonomi daerah tetap saja pemerintah pusat masih ikut campur dalam urusan daerah dan pemda tidak bisa melakukan hak veto terhadap undang-undang yang diatur oleh negara (contoh UU Tapera).,0
@detikcom @detikjatengcom bayar pajak tapera asuransi kendaraan buat ngassi makan org..guoblokkknya keterlaluan negara ini,0
@aboutXid Tapera untk ratusan jt aja ganutup lah ini milyaran? wkwk,0
@JoshGrobax @are_inismyname @prabowo @Ndons_Back @adri_7i @99propaganda @BANGSAygSUJUD @Bank_Joee_ @florieliciouss @Kimberley_PS08 @zy_zy_lestary @IrawanRommi @MIrvanDarwin1 Orang tolol kyk luh mana paham Komisaris jg sdh diisi mana bacot luh pas TAPERA nyet kesetan NEPOboy sdh bego tapi belagu,0
@txtdrimedia Pindah negara apa susahnya rumah gampang nyari. Pekerjaan dibayar perjam taxes gede ga masalah tapi keamanan dan kesejahteraan masyarakat terjamin. Dibanding harus tinggal di tapera pemerintahan kyk gitu ntah lah apa lagi.,0
tampak depan rumah hasil tapera,1
@terwiwiwiwi @hellomadnes @benbenspace Tapera mau ga mau harus bayar. Karena tahun depan udah masuk ke potongan gaji kaya bpjs jd ga mungkin ga bayar,1
@OposisiCerdas Tapi kok rakyat menolak tapera dan asuransi pihak ke tiga sih ?,0
@DoankWarto @Candra4smara Sementara didunia lain si Mukidi memeras keringat Rakyatnya sampai kedalam tulang dengan TAPERA Asuransi kendaraan PPh 12% https://t.co/5VlEdnf7cg,0
Dari 58% kok gak dapat jabatan semua ya? justru kebagian wacana kenaikan pajak kendaraan wajib asuransi penghapusan pertalite tapera dan lain sebagainya. Katanya siapapun presidennya gak akan ngaruh ke kehidupan sehari-hari tapi bagi mereka kok berpengaruh? Gak valid.,0
@DoankWarto Negara g perlu dpt apa2 yg penting golongan yg dpt.. nanti klo butuh duit bikin program tapera dan asuransi lagi biar diolah negara katanya yg jual SDA g boleh dipajakin,0
@PartBurungGalak Tahu bulet Tapera Tokowi Tong fang Tongseng Tongmi Tobr*t Tikus berdasi,0
@DoankWarto Sabar dulu negara kita tetap akan dpt hasil yg besar dr hasil memeras rakyatnya sendiri jd gak usah khawatir.rakyat hrs siap2 utk di peras lbh lagi dan lbh sadis cara merasnyamulai dr tapera asuransi mobil &amp; motor dll.cmn rakyat di larang bertanya digunakan utk apa uangnya ??,0
Kocak asuransi tapi wajib sama kayak Tapera BPJS . Bakalan untung gede neh perusahaan asuransi https://t.co/x3ghWCcCey Kendaraan bermotor di Indonesia akan diwajibkan memiliki asuransi TPL. Pembayaran asuransi ini diusulkan dilakukan saat perpanjang STNK.,0
konser kena skincare kena gaji kena buat tapera. mau biayain proyek apa sich,0
@DoankWarto iye sama aseng aja lo menghamba....giluran rakyat sendiri diperas ... tapera gak jadi ganti asuransi kendaraan wajib.... beuhhhh.....hasyuuuuuuu tenan,0
@Ivanien11 @Dennysiregar7 @yourbae Coba cari ente tau brpa besar tuntutan bang @Dennysiregar7 beserta pengacaranya.. Klo di-oke-in sama tuh bumn apa gk semaput.. Yg repply cuitan sampeyan kyknya gk tau apa yg dibahas asal bacot doank.. Style pasukan oke oke gazz nyemplung ke selokan TAPERA..,0
@detikcom Sebenernya cukup selevel Komedian &amp; preman sj yg jd pejabat gak perlu Pendidikkan tinggi2. Klo kerjanya cuma malakin masyarakat atas nama pajak asuransi tapera dst. Untuk nutupi apbn yg tekor krn korupsi &amp; memakmurkan para pejabat keluarganya.,0
Bisanya cuman..saya kaget..saya heran..saya bingung..mirip prihatinnya sby... knp kita pilih pemimpin yg cengeng dan pencitraan doank juga pemeras duit rakyat lewat tapera dan asuransi fiktif Jokowi Kaget Ramai-Ramai Orang Daftar Golden Visa Indonesia https://t.co/v8Hblg7Xlp,0
@DoankWarto Kan rakyat selalu senang dan bahagia klo dijerat dgn berbagai pajak iuran Tapera asuransi kendaraan wajib BPJS kenaikan PLN bensin kebutuhan pokok biaya tinggi pendidikan dan kesehatan demi rakyat Tiongkok,0
@T0M5helby Bpknya kasih contoh dulu dong kalau aku ogah nak kamu jd driver ojol saja ya sesuai cita2 @kemenpendidikan Jd SMA nggak perlu fokus belajar lulus SMA nggak perlu lanjut ke PT krn itu kbth tersier langsung jd driver ojol jd @KemenkeuRI bs pungut tapera asu kendr pajak kendr dll,0
@Stakof gpp...............daripada bahas isu tapera makan gratis dan isu asuransi kendaraan bahkan isu tambang...........hehehehe,0
@MurtadhaOne1 Kenapa perusahaannya ga di suruh pindah ke Indonesia aja pajakin habis itu diendorse ke negara lain biar yg main dr negara lain. Kalo sekarang posisinya kan sebaliknya. Daripada si jokowi meres rakyat dr pajak tapera asuransi kendaraan (yg terbaru) UKT .,0
Kocak kaya tapi dipotong tapera,0
@Aryprasetyo85 Akal bulus gagal tapera motor mobil sasarannya gmn rakyatnya mkn enak,0
@CNNIndonesia Naikin UKT Tapera Narikin Asuransi motor &amp;mobil,0
@ardanaf @goraici Kelas menengah paling minim dpt keringanan paling jarang naik gaji signifikan tapi harga2 terus melambung akibat pemerintah gabisa kontrol2 harga. Udah gitu sempet mau ditarikin Tapera dll. Kombinasi yang sangat luar biasa.,0
@denismalhotra Intinya jangan kagetan... Krn udah ada yg wakilin... Dr presiden sampai menterinya ... Kita rakyat pokus aja nyari duit buat bayar BPJS tapera asuransi pajak pungli ama gotong royong ngumpulin uang buat nyewa artis Pejabat...,0
@StefanAntonio__ Makin ugal ugalan kan APBN mau abis malah ugal ugalan udah tuh menterinya yg disuruh nyari cara kembalikan duit yg kepake contoh Tapera Gadai Tanah dengan kasih HGU 90tahun Asuransi Wajib Kendaraan dll masih banyak yg kita tidak tahu,0
Seseorang di timeline: Bersyukur banget kalo ada yg bilang aku banyak uang dan perkataannya terwujud di aku *selang beberapa bulan muncul tapera ppn 12% wajib asuransi kendaraan bermotor dstdst yg beginian memang g perlu dirasani,0
Baper adalah hal yang ga diduga. Tapi kalau sempat jadian berarti bonus‍️ bismillah bisa dpt rumah di surga via comblangin orang~ kan ga perlu pkai tapera,0
@txtdrimedia Di naikin pajaknya 200% biar ikut Tapera,0
Negoromu kolaps bro Tapera ga jalan. Masih ada jalan lain,0
Gapapa kenain aja cukai Nanti semua orang ngonser keluar negeri orang luar gamau ngonser ke indo pariwisata akibat konser menurun pendapatan negara menurun negara lama kelamaan butuh uang pemerintah panggil investor buat invest sambil jajah atau tapera dkk Gitukan pak?,0
@anggaandinata @broalex168 Lebih parahnya lagi klo asetnya liabalitas suku bunga 5 7% blum lagi tapera BPJS dll apa lagi pinjol,0
@asumsico Asu blokkk... Lihat tu warga jogja UMR 2ht di potong pajak masih kena tapera... Di katain kayaa??? Bjingann,0
rumah contoh utk peserta tapera udh rilis guys,1
Kalau kaya gak mungkin pemerintah mau adain makan siang GRATIS gak mungkin adain namanya TAPERA Mau makan aja sulit makanya dikasih program makan siang gratis mau punya rumah syulit makanya ada tapera. Jadi kayanya sebelah mana? Banyak terjerat judol dan pinjol tuh banyak,0
@G4b0nG0ku Posting IKN LUPA TAPERA LUPA TINGKAT PENGANGGURAN TERTINGGI ASEAN LUPA DOLAR TINGGI LUPA EKONOMI MELEMAH LUPA RUMAH ADAT PAPUA DIRUSAK LUPA HUKUM AMBURADUL ( VINA AFIF) LUPA MENKOMINFO TOLOL LUPA HUTANG NEGARA MEROKET,0
@cnbcindonesia Mending bayar pajak tapera dan asuransi lah,0
bagus udhlh ada isu tapera...sekarang inilagi....,0
@sayg00dbyeee Ini kk ngurusin Tapera juga ga sih?,0
@jokowi Pertumbuhan 5 persen dari mana ? Palakin rakyat dengan pajak² baru potongan Tapera serta hasil dari peras rakyat .,0
@ARSIPAJA Selain ppn pph yg kerja dapat juga tapera. Pajak digedein korupsinya tetap aj jumlahnya. Malah makin bnyk. Sungguh y? Lama2 yg nganggur dapt jg pajaknya.,0
@kegblgnunfaedh Jangan besar dulu dek. nanti disuruh bayar pajak utang Tapera bpjs Negara,0
Dulu takut buka wa aja. Skrg takut buka semua sosmed karena isinya tentang pajak bahan baku naik tapera dll. Cuma bisa menghadapi kezaliman ini sambil berdoa ya Allaah ya Allah jangan lupa elus dada nya,0
@asumsico Efek gagal nya Tapera jadi kemana mana ini,0
@adri_7i yg 58% wajib dukung UKT TAPERA ASURANSI....jangan cuma pengangguran aja jadi no.1 https://t.co/G061dKZjyf,0
Yg jelas tabungan janji beliau sdh melampui tabungan perumah rakyat (tapera).,0
aku ngerasa semua orang yg membutuhkan hiburan seperti konser harus protes karna sifat kalian emang test ombak mulu. kemarin tapera ngga kena karna banyak penentangan di sosmed jadi ini juga harus digunjing sampe orang-orang itu sadar kalo yg kurang bener tuh emang cara kerja,0
Baru saja digebuk Tapera &amp; asuransi wajib R2/R4 kok ditambah dgn cukai konser minuman bbm dll ? Cukai itu sin tax alias denda konsumsi produk berdampak negatif tdk berkaitan dgn kelas sosial konsumen dgn tujuan kontrol konsumsi bukan utk meningkatkan pendapatan negara https://t.co/miqFuR56vY,0
@xandreanda @txtdrimedia Habis tapera muncul pajak antidumping! ANGK0T88 skincare Korea sekarang jadi mahal banget. #Lulu #Pandji,0
@txtdrimedia utak atik naikkin pajak naikin bbm kurangi subsidi bikin tapera wajib bikin asuransi wajib..dll mantep bnr nih rejim buat sejahteraken rkyt ny..,0
@asumsico sekalian aja air pam air sumur dikenain cukai..... betapa tidak malunya pejabat yg hidup makmur dari apbn dg cara menghisap darah rakyat jelata yg hidup susah berkedok ppn cukai retribusi tapera asuransi.....,0
pengusaha karena dinilai hanya akan memberikan beban. Lantas apa sebenarnya manfaat dari adanya program Tapera? Bagaimana langkah pemerintah selanjutnya untuk mengatasi masalah yang ditimbulkan oleh Tapera?,0
[IEO REALIZE 3: FISKAL] Pemerintah baru saja meluncurkan program baru yakni Tapera sebagai solusi untuk mengatasi krisis perumahan di Indonesia. Akan tetapi program ini nyatanya menimbulkan banyak kontroversi di berbagai lapisan masyarakat terutama di kalangan buruh dan- https://t.co/0WZD7yB2L8,1
@FessPonti 2 8 masih belom di potong Tapera BPJS kosan dan ini itu,0
@H1m4_W4r1 @gibran_tweet @m_marshel @pandji emang kelakuan pandji ada efeknya dgn kebijakan negara? bisa bikin uu tapera? naikin ppn? poinnya elu yg tolol &amp; goblok,0
@detikcom Tapera gagal muncul asuransi paksaan ancene trondolo,0
@Daniel7iao @MajikBean69 Kalau Gk Bahas Tapera Bahas nya Vina Gk ada gitu konten entertaiment lain kayak Anime kek prestasi kek Atau Ekonomi kek,0
Udah mah gaji gue ntar dipotong tapera tiket juga udah ada pajak malah ditambah lagi becuk. Najis amat pemerintah nyari dana begini. Koruptor noh diberantas jgn meres duit orang kecil mulu. Tanggung jawab lu diakhirat pake amal sendiri ga bisa nyewa pengacara. Zolim mulu njirr,0
sehat2 ya genz bener2 di dzolimi rezim wkwk udahnya gaji di potong tapera eh pas mau healing nonton konser malah kena cukai,0
@Cindang88647 @jokowi Bayar iuran Tapera brp per bulan?,0
@starfess Hadeh aku harus bekerja keras seperti apa biar tetap bisa konseran setiap tahun sekali. Gaji udah dipotong pajak Tapera iuran ini itu banyak pol ya potongannya,0
menghambat siklus ekonomi hingga kerugian akibat kebijakan yang bersifat wajib pengesahan Tapera dihias oleh tantangan dan permasalahan. Lantas apakah program Tapera tetap harus dilaksanakan sesuai kebijakan awal? Atau sudah waktunya bagi pemerintah untuk mempertimbangkan https://t.co/eBSrTot1UZ,0
Indonesia mewujudkan impian tersebut. Sayangnya untuk mencapai mimpi melalui Tapera upah pekerja harus dipotong sebesar 3% tiap bulan secara wajib oleh pemerintah. Hal ini memicu reaksi negatif dari masyarakat. Mulai dari kepercayaan terhadap pemerintah yang kurang potensi https://t.co/NfqLojRrfT,1
KAIT (Kajian Isu Terkini) Peresmian Tapera Dari Rakyat Untuk Siapa? Halo Civitas Ekonomi! Apakah kalian memiliki rumah impian? Bertempat tinggal di rumah impian dengan harga terjangkau merupakan keinginan banyak pekerja. Program Tapera hadir untuk membantu masyarakat https://t.co/ZP7xtbJtdt,1
Kasian efek wacana tapera dan pajak impor 200 perzen,0
@starfess gaji gak seberapa abis buat bayar pajak tapera dll,0
@cnbcindonesia 2025-2026 lebih fokus bertahan karena kebijakan terus menerus menarget kelas menengah... Kami gak akan naikin omset dengan keadaan sekarang pajak kanan kiri mengincar kelas menengah belum termasuk yg akan datang ada tapera dan asuransi motor harga yg gak stabil dll,0
@SammiSoh Minimal pemerintah nggak bikin program yg nyusahin lah kyk tapera,0
@KangManto123 Penghasilannya dipotong TAPERA gak ?,0
Terus fungsi tapera apa?,0
@Nur_ill @Lliloes @dr_Silbermann @babimerah69 @txtdrimedia Tp apakah daya beli masyarakatnya mampu? Sebelum kna tapera aja apa2 beli produk cina krn murah kok Klo mw stop barang2 dr cina ya sejahterakan jg rakyatnya biar daya beli jg naik biar bsa beli produk lokal yg harganya bisa 2-3x lipat barang cina Pemerintah mampu ga?,0
Tapera gagal.. Sekarang asuransi... Negara hobby nya begal rakyat. Kapan UUD 45 dan Pancasila di terapkan,0
@catuaries Dah bingung mau cari duit dari mana lagi. Tapera asuransi motor/mobil skrg cukai,0
Gua gatau sebutuh uang apa ini negara. Tapi kok kesannya kyak apa lagi ya yg bisa 'diuangkan'? Tapera kn blum bisa dijalankan . Ngerampok rakyatnya banget,0
@SeriDianawati Ini blm nt tapera di laksanakan bs menjerit lg masyarakatnya...,0
Kalau rame rame bisa lah. Kemaren Rafael Alun Tapera UKT dll berhasil salah satunya karena kita rame2 sepik ap,0
Mustahal yang Mustahil buat saja lokasi khusus judi didaerah kepulauan seperti di Kasino di Genting Highlands Malaysia. Pribumi boleh bekerja disana tapi tidak boleh bermain judi. Negara dapat pemasukan tanpa ribet dengan Tapera Taperi https://t.co/2h5n5FoYoU,0
Kenapa selalu harus di wajibkan. Sebelumnya Tapera lalu sekarang kendaraan bermotor.,0
TERUS AJA TERUSSSS udah tapera orang mau cari hiburan juga dikenain cukai,0
@Aryprasetyo85 Iklim investasi dipengaruhi kondisi politik yg tak menentu akhir2 ini ketika pemerintah dan DPR sibuk membuat RUU seperti TAPERA POLRI TNI dll ketika masa jabatan presiden dan DPR akan berakhir.,0
Tapera adalah langkah nyata pemerintah dalam mengatasi masalah perumahan dan meningkatkan kualitas hidup masyarakat. #TaperaUntukSemua https://t.co/4vVfg3WGAK,1
Dengan program Tapera pemerintah ingin membangun masa depan yang lebih stabil dan sejahtera bagi para pekerja. Ayo manfaatkan! #RumahLayak https://t.co/8VHOEnEQRt,1
Program Tapera hadir untuk memastikan setiap pekerja memiliki akses ke perumahan yang layak dan terjangkau. Rumah untuk semua! #Tapera https://t.co/goFPq9i10I,1
@DokterTifa Mukidi udah gak punya duit Mukidi Cari duit dengan berbagai cara Tapera pajak kendaraan bermotor KENAIKAN PPN DLL untuk bangun IKN aja susah,0
@wewjunhui lam kenal eak oppa. btw oppa namanya kepotong tapera tuh oppa limao. kenapa sih suka new convo tapi males diving? segak mau itu ngobrol sama iyish?,0
@HoyacOnly @detikcom @jokowi @KemenkeuRI @DivHumas_Polri @ojkindonesia La ya Tapera kmrn jg udah punya rumah tetep dipotong katanya,0
@detikcom setelah tapera terbitlah asu kendaraan,0
@MurdiantoD79825 @Aryprasetyo85 @03__nakula @2045Tv @__AnakKolong @_memoryusang @Anak__Ogi @AntoniusCDN @NgkongRoses @serakyut @seruanhl Nah...valid. Kebijakan nya..yg kontroversial. Tes ombak terus. Tapera... Asuransi besok2 apalagi,0
@mabapiatu enak ya ga kena tapera,0
@gombang Kayak kemarin isu housing (tapera) artinya negara butuh duit. https://t.co/rw3YLBun4n,0
@detikcom Naikin ukt gagal tapera gagal sekarang lewat jalan lain. Hebat banget pejabut istana.,0
Tapera Tampang penipu rakyat,0
@Ndons_Back Seterlah ppn naik lanjut tapera kini ada wajib asuransi kendaraan. Yang penting KEBERLANJUTAN. . https://t.co/tk6i2ERCmp,1
@cnbcindonesia Kelas menengah dikuyo2 dari dulu dan di masa depan tidak ada pemerintahan yg peduli dg kls menengah kecuali saat butuh duit duit duit duit. Inflasi udah naik tinggi ptkp dah bbrp tahun gak ditinjau bentar lagi dipaksa beli asuransi kendaraan- potong tapera- naikin bpjs kes dst,0
@Aryprasetyo85 @03__nakula @2045Tv @__AnakKolong @_memoryusang @Anak__Ogi @AntoniusCDN @NgkongRoses @serakyut @seruanhl Sy brhrp setiap kebijakan/kptsn pmrnth yg mnyngkut hajat hidup org bnyk sprti bbm.asuransi.tapera.dsb.agar KPK.BPKRI.DPRRI.OmbudsmanRI lsg turun utk konfirmasi dn evaluasi krn biasanya kptsn keluar krn ada udang dibalik batu dr pr pjbt pmbuat kptsn.jarang skrng kptsn pro rakyat.,0
Tapera merupakan solusi untuk rakyat indonesia #tapera https://t.co/X94xQLvNFL,1
@JustDonzh @txtdrimedia betul bankkk pemerintah mau enaknya doank padahal masalah pabrik pada tutup karena pajak tinggi sewa lahan susah perizinan susah sdm masih kurang tambah lagi tapera... akhirnya pabrik besar pada pindah ke vietnam,0
TERBONGKAR! 268 TRILIUN DANA TAPERA AKAN DIALIRKAN KE IKN Faktanya tidak ada informasi resmi yang membahas mengenai hal tersebut. Jumlah dana tapera sebesar Rp268 triliun pun ... https://t.co/qNhBheJmSE,0
@txtdrimedia Bagus apalagi nanti ayo keluarin senua pajak pajak baru itu tapera kendaraan harus asuransi apa aja keluariiiiin semua,0
@__freelance__ banyak program banyak ladang buat korupsi sekarang Tapera nanti ladang cuan nih buat korupsi,0
TER pajak naik kaya orang kesurupan kuntilanak Tapera 2% Sekarang semua produk yang mostly dari China akan naik 200% Purchasing power nya ditekan dgn pajak eh harha barang mahal. Maap yak tolol boleh. Tp ada batesnya dikit lah.,0
@papanberjalan @rusman_plat_d Kepotong tapera ya om,0
Tapera mudahkan masyarakat berpenghasilan rendah miliki rumah https://t.co/ard6GPr9ih,1
@BANGSAygSUJUD @prabowo @99propaganda @florieliciouss @are_inismyname @Ndons_Back @adri_7i @Kimberley_PS08 @Julidonkk @zy_zy_lestary @mas_veel Hbis Tapera muncullah asuransi. Dptkan bukunya di Gramedia terdekat bagus itu isinya inspiratif pake bingits,0
Dukung kebijakan Tapera https://t.co/atZ96xsAdn,1
@KabarMuh_ID @tempodotco Kan negara hutang jatuh tempo besar jangan gara2 'subsidi' solar jalan dan lingkungan kesedot ke area penambangan dll malah jadi tidak tepat. Nyari bayar hutang berencana ambil warga: Tapera asuransi KUT kampus PPN pajak naik dll.,0
Lihat Ini Jawa Tengah Dapat Kuota 11 Ribu Unit Rumah Subsidi dari BP Tapera https://t.co/GgVvdPz0Y9,1
Ketua DPD PDI Perjuangan Edoardus Kaize menjelaskan TAPERA itu penting untuk masyarakat. Tetapi cara yang digunakan itu yang tidak tepat kenapa harus mengumpulkan uang 40 tahunan baru terima uang itu untuk beli rumah. #BerantasJudiOnline https://t.co/2lU3u0IpUC,1
JK Dukung kebijakan Tapera #indonesia #tapera https://t.co/OZhzoeqCh4,1
Dukung Tapera Ombudsman : Anak kecil didaftarkan jadi peserta https://t.co/e4tcHmZ4lQ,1
@Bams_4GP Investor mana yg mau dipalakin dana tapera dan asuransi kendaraan,0
@tr4d0 @indulgentinn @PartaiSocmed @tinktwtt TAPERA enak? Bayar Asuransi Motor/Mobil Enak? UKT Mahal enak? Subsidi dicabut enak? Utang tinggi enak? Pengangguran membludak enak? ANJING BABI KAPIR,0
Bayu menolak tapera https://t.co/WH6fSMCZyi,0
@Mr_Boed2 @Boediantar4 ente masih cemplong dikolam...ane mah udah kabur UKT TAPERA ASURANSI... https://t.co/qERYVtemTx,0
Yang dilakukan pemerintah: - menaikkan ppn - menaikkan ukt - tapera - asuransi wajib kendaraan - menaikkan harga sembako Asik kan....,0
Belum lagi bakalan diharuskan dengan nabung Tapera &amp; asuransi mobil. Transportasi umum tidak memadai jadi mau tidak mau pakai uang sendiri buat beli mobil. Eh... Dipalak pisan.,0
Gimana gak jatuh miskin pula. Udah dirampok dalih tapera dipaksa bayar asuransi kendaraan bayar ini bayar itu trus gajinya kecil,0
Ini wacana konser dikenakan bea itu konser dalam negeri atau konser ke luar negeri si??? Kalo konser di dalam negeri tai bangetttt udah bayar pajak 10-15% masa mau dikenakan bea. Udah gaji ada wacana bakal ada potongan tapera. Asu,0
@ARSIPAJA Silakan kalian menyerah tapi tetap bayar pajak wajib punya asuransi kendaraan BPJS hukumnya wajib Tapera kalau sudah mulai harus bayar lamar kerja maksimal umur 35 dan harus jadi nasabah leasing atau pinjol... Kalau mengeluh eits ada UU ITE ya... Salam Indonesia...!,1
Ketua DPD PDI Perjuangan Papua Selatan Tolak Kebijakan TAPERA https://t.co/KLTed93bNZ #pdiperjuangan,0
@janganbaperwoii @mbienyambay2 @gibran_tweet kalau mau dipenuhi janjinya ujung nya dibebankan sama kita juga. dengan isu tapera asuransi kendaraan... kita bisa tebak kondisi keuangan negara.,0
@cathatseo @ARSIPAJA Sudah..sudah...kl ga kuat nangis gpp tp hbs itu bayar pajak tapera asuransi nya ya,0
@zy_zy_lestary @adri_7i @are_inismyname @Kimberley_PS08 @mas_veel @YoYoAyo17845 @HaramAsoy @Rocky_Antonie @dika_maxelyou @Chavesz08 demi ambisi pribadi IKN di kebut...diam2 TAPERA di Paksakan Motor Mau di Asuransikan ..PPN di naikan kemungkinan subs bensin mau d hapus.. Dia yg di puja puji bak pahlawan TPI rakyat d peras hbis2an.. ..gimana mau maju bangsa ini...py pemimpin gini2 amat,0
Program Tapera adalah langkah nyata pemerintah untuk mendukung masyarakat memiliki rumah idaman #Tapera #MasaDepanCerah #RakyatPunyaRumah https://t.co/NPfN76g3W1,1
Terwujudnya kepemilikan rumah yang layak dan terjangkau bagi Peserta MBR melalui pembiayaan dana murah berkelanjutan berlandaskan gotong-royong #Tapera https://t.co/w1FSNJaS0z,1
@tournesoule Mana belum masuk potongan tapera,0
@PngAdilnR4kyt Kasus evergrande bisa kejadian ni tapera pil pereda nyeri nya mungkin . Gedek amat demi legitimasi pribadi ngorbanin rakyat!,0
@G4b0nG0ku Buat mengingatkan agar tidak ada yg namanya TAPERA ASURANSI MOBIL-MOTOR,0
@JhonSitorus_18 @03__nakula @DS_yantie @Aryprasetyo85 @Urrangawak @pemprovsu @Eil_Thia @seruanhl @wandystjk2 @Cintada16 Potongannya buat TAPERA...Tabungan Perestasi Atlet....akh jgn banyak kali protes kelen...hahaha,0
Anggota DPRD Makassar Bersyukur Penerapan Tapera Ditunda: Presiden Joko Widodo menandatangani Peraturan Pemerintah Nomor 21 Tahun 2024 pada 20 Mei 2024 mengubah Peraturan Pemerintah (PP) https://t.co/9HHXNI4cYV #Makassar #DPRDMakassar #AnggotaDPRDMakassar #penerapantapera,0
Baru beres Tapera sekarang muncul pajak antidumping Pemerintah rencana pasang tarif pajak 200% buat 7 jenis produk impor termasuk skincare elektronik tekstil keramik dll. https://t.co/lrLtCp7RR2,0
Bayar pajak mluuu tp duitnya dikorup blm biaya tapera. Yg kaya makin kaya yg miskin naik tingkatnya aja susah bgt manjatnya penuh perjuangan belum lg kalo kadang kepeleset,0
@idakunbola @txtdrimedia Tapera mundur kan gara2 dibacotin. Ini femerintah emang sukanya test the water kl ga ada yg ribut dilolosin aturan tongkol modelan gini,0
@tham878 @TeddyWoga begitu gak jadi petugas partai pdip . lsg amburadul dan mabuk...lsg terbit kebijakan... UKT TAPERA PAJAK NGASAL ASURANSI.... dan...... https://t.co/FIyIrKmbQO,0
Sastra dan kekuatan kata sudah ndak mampu menggerakkan batin maupun isi kepala. Kekuatan magi lagu sudah ndak bisa nyentil ruh. Jadi SENI SUDAH MATI! (?) (Tapi orang lapar butuh nasi. Pake kertas warna-warni) (masuk semester-2 setelah makan gratis dan TAPERA : tambang agama ),0
@txtdrimedia kan disuruh iuran tapera ndak mau.... ya manteb mendag malah naikin pajak impor tinggi =))),1
Gue nunggu kebagian rumah hasil tapera aja gak papa sumpah.,1
Knp y sampe fast food dan detergent mau di kenain cukai. Se BU itu kah negara ini? Pdhl sblmnya udh sama tapera dan wajib asuransi kendaraan bermotor. Negri alig wkwk,0
Biaya pendidikan tinggi iuran Tapera masih ditunda karena mendapat penolakan datang lagi asuransi wajib kendaraan. Akankah negara ini menjadi negara penuh iuran di rezim ini? https://t.co/aVWa4Uptyd,0
@DavidWijaya82 Tapera asuransi bpjs pajak pbb bbm semua naik tahun 2025 yang turun hanya sandal dan celana kolor...ok gass...ok gass...all in.,0
Tapera ditangguhkan tapi asuransi TPL wajib buat kendaraan udh mau dibahas. Kalo pendapatan msh under Rp10 jt dan ada tanggungan sebaiknya mulai nabung dana darurat lebih banyak ya. Sumpah keteteran gara2 duit itu gak enak,0
@reymaroonsmh kas negara all in IKN kak. Strategi muterin duit tapera tapi rakyat gamau.,0
@Aryprasetyo85 Lebih parah dari Tapera yg 3% per bulan. Kenyang kalau sebulan rakyat rata rata beli 2 x terutama mereka yg hidup di bawah garis kemiskinan dan cluster lower middle-class rentan yg nyaris jatuh dalam kemiskinan.,0
Jawa Tengah memperoleh kuota subsidi rumah dari Badan Pengelola Tapera sebanyak 11 ribu unit. https://t.co/ki0QULjTRr #suaramerdeka #suaramerdekacom #promedia #provinsijawatengah #jawatengah #kuota #rumah #bptapera #rumahsubsidi https://t.co/lT6e9RwyuN,1
@H4T14K4LN4L42 @jokowi Nyesek banget dulu milih jokowi. Omnibuslaw aja udah bikin sesek nafas buruh ditambah tapera ditambah pajak naik semua dikenai pajak kendaraan wajib ikut asuransi. Ga salah kalo rakyat perang dg pemerintahannya sendiri. Di kalangan pejabat rebutan kekuasaan dan korup sebebasbebas,0
PPN-UKT Naik Upah Buruh Dipotong Tapera Petisi Brawijaya : Kebijakan Jokowi Bom Waktu Prabowo - https://t.co/aN11z0Jc9w https://t.co/8FnQ0UqxrM,0
Banyak asuransi yang dikelola oleh lembaga atas nama negara bermasalah. Akankah rakyat akan selalu dibebani dgn iuran? Tapera ditunda datang lagi asuransi beginian. Hadeh .... Bentuk penjajahan penguasa kepada rakyatnya .... https://t.co/03sOMsJ7pN,0
2 3 bukan IPK bukan Tapera Sakura naik meja goyang dumang Cintaku ditilang hatiku dipenjara. Oleh Umemiya Hajime seorang.,0
@idaegukth Habis Menghina tapera?,0
@0tk0il Pakan XiriX lebih besar daripada Tapera yes..,0
Tapera Wajib pajak motor dan mobil Semua rencana belum goal jalan pintasnya BBM naik. https://t.co/QNTUpg9Crc,0
Kalau seandainya KPK benar benar bekerja 2-3 tahun kedepan akan ada berita pejabat korupsi tapera... Kalau gadak beritanya hanya ada dua kemungkinan antara masih belum ketahuan atau kpk beneran ga bekerja .... Siklus yang sama... Balik lagi klo prediksi gua bener yak,0
@msaid_didu Nanti kita dipaksa bayar2 asuransi tapera dll...cuma utk dikorupsi! Cuma utk kasih makan koruptor rakus!!! BANGSATTTTT,0
Habis Tapera - Terbit Asuransi... Dulu Sukarela - Sekarang Wajib... https://t.co/3FzqBivkcn,0
Jawa Tengah Dapat Jatah 11 Ribu Rumah Subsidi dari BP Tapera https://t.co/8eQhw1WexI,1
@rameankebulan @idextratime Gak usah. Nanti kenak tapera,0
Ayo wujudkan hunian layak untuk semua! Dukung program Tapera demi masa depan yang lebih baik. #DukungTapera #RumahUntukSemua #MasaDepanCerah https://t.co/jvVCcjvWyT,1
Dengan Tapera impian memiliki rumah sendiri semakin dekat. Mari bersama-sama mendukung program ini! #ProgramTapera #HunianLayak #IndonesiaMaju https://t.co/vMYlcIZ8E1,1
Alokasi rumah subsidi BP Tapera untuk Jateng sebanyak 11 ribu unit disebar di 10 kabupaten/kota. #inibaruid https://t.co/4fBiT3ujo6,1